Surface,dElo_w,dyElo_w,mean_dElo,mean_dyElo,scale_dElo,scale_dyElo
Grass,0.7480951514269085,0.2519048485730915,0.0,0.0,206.6290867970481,239.59579305075258
Clay,0.8397194229359634,0.16028057706403656,0.0,0.0,209.00763897205857,243.52283448133906
Hard,0.7151058558808706,0.2848941441191294,0.0,0.0,202.6445189828989,245.44433873049684
